%_UTC,latitude(deg),longitude(deg),height(m),Q,ns,sdn(m),sde(m),sdu(m),sdne(m),sdeu(m),sdun(m),age(s),ratio
2019-11-12 13:38:54.000,-44.826309745,-65.730802043,28.1694,1,6,0.0124,0.0064,0.0513,0.0047,-0.006,0.0182,-0.0,999.9
2019-11-12 13:38:54.500,-44.826309815,-65.730802096,28.1261,1,6,0.0125,0.0063,0.0513,0.0047,-0.006,0.0182,-0.1,999.9
2019-11-12 13:38:55.000,-44.826309668,-65.730802129,28.1829,1,6,0.0124,0.0063,0.0513,0.0046,-0.006,0.0182,-0.0,999.9
2019-11-12 13:38:55.500,-44.82630975399999,-65.73080213,28.1863,1,6,0.0125,0.0063,0.0513,0.0047,-0.006,0.0182,-0.1,999.9
2019-11-12 13:38:56.000,-44.826309667,-65.730802324,27.1927,2,6,0.0088,0.0045,0.0363,0.0033,-0.0042,0.0129,-0.0,4.2
2019-11-12 13:38:56.500,-44.826309938,-65.730801948,28.141,1,6,0.0123,0.0062,0.0471,0.0043,-0.0023,0.0191,-0.1,999.9
2019-11-12 13:38:57.000,-44.826310126,-65.730801537,28.1335,1,6,0.0124,0.0064,0.0513,0.0046,-0.0059,0.0182,-0.0,999.9
2019-11-12 13:38:57.500,-44.826308881,-65.730797884,28.0735,1,6,0.0125,0.0063,0.0513,0.0047,-0.0059,0.0182,-0.1,999.9
2019-11-12 13:38:58.000,-44.826306958,-65.730793171,28.1437,1,6,0.0124,0.0061,0.047,0.0044,-0.0023,0.0191,-0.0,999.9
2019-11-12 13:38:58.500,-44.826306131,-65.73078701899999,28.0389,1,6,0.0125,0.0064,0.0513,0.0047,-0.0059,0.0182,-0.1,999.9
2019-11-12 13:38:59.000,-44.82630386100001,-65.73078098100001,28.1379,1,6,0.0124,0.0063,0.0513,0.0047,-0.0059,0.0183,-0.0,999.9
2019-11-12 13:38:59.500,-44.826302745,-65.730774516,28.0067,1,6,0.0124,0.0064,0.0513,0.0047,-0.0059,0.0183,-0.1,999.9
2019-11-12 13:39:00.000,-44.826300795,-65.73076787,28.0416,1,6,0.0124,0.0063,0.0513,0.0046,-0.0059,0.0183,-0.0,999.9
2019-11-12 13:39:00.500,-44.826298972,-65.730761637,27.9238,1,6,0.0124,0.0064,0.0513,0.0046,-0.0058,0.0183,-0.1,999.9
2019-11-12 13:39:01.000,-44.82629716,-65.73075506,27.9845,1,6,0.0124,0.0063,0.0512,0.0046,-0.0059,0.0183,-0.0,999.9
2019-11-12 13:39:01.500,-44.82629534,-65.730748573,27.9537,1,6,0.0125,0.0063,0.0512,0.0046,-0.0058,0.0183,-0.1,999.9
2019-11-12 13:39:02.000,-44.8262946,-65.73074190199999,27.7904,1,6,0.0124,0.0063,0.0512,0.0045,-0.0058,0.0183,-0.0,999.9
2019-11-12 13:39:02.500,-44.826292435,-65.730735287,27.6693,1,6,0.0124,0.0063,0.0512,0.0046,-0.0058,0.0183,-0.1,999.9
2019-11-12 13:39:03.000,-44.826290906000004,-65.73072708,27.387,1,6,0.0124,0.0063,0.0512,0.0046,-0.0058,0.0183,-0.0,845.4
2019-11-12 13:39:03.500,-44.826288793,-65.730719883,27.2196,1,6,0.0124,0.0063,0.0512,0.0047,-0.0058,0.0183,-0.1,81.0
2019-11-12 13:39:04.000,-44.826287897,-65.730712349,27.0565,1,6,0.0125,0.0063,0.0512,0.0047,-0.0058,0.0183,-0.0,999.9
2019-11-12 13:39:04.500,-44.826285611,-65.730704996,26.9295,1,6,0.0125,0.0063,0.0512,0.0047,-0.0058,0.0183,-0.1,999.9
2019-11-12 13:39:05.000,-44.826284777,-65.730697007,26.8387,1,6,0.0124,0.0063,0.0512,0.0046,-0.0058,0.0183,-0.0,999.9
2019-11-12 13:39:05.500,-44.82628336,-65.73068997899999,26.8657,1,6,0.0125,0.0063,0.0512,0.0047,-0.0057,0.0183,-0.1,999.9
2019-11-12 13:39:06.000,-44.8262819,-65.730683341,26.8407,1,6,0.0124,0.0063,0.0512,0.0047,-0.0057,0.0183,-0.0,999.9
2019-11-12 13:39:06.500,-44.826281108,-65.730676234,26.808,1,6,0.0125,0.0063,0.0512,0.0047,-0.0057,0.0183,-0.1,999.9
2019-11-12 13:39:07.000,-44.826278796000004,-65.730669024,26.8151,1,6,0.0124,0.0064,0.0511,0.0047,-0.0057,0.0183,-0.0,999.9
2019-11-12 13:39:07.500,-44.826277704,-65.730660874,26.6614,1,6,0.0123,0.0061,0.0435,0.0042,0.0043,0.0198,-0.1,999.9
2019-11-12 13:39:08.000,-44.826275824,-65.730653673,26.7293,1,6,0.0123,0.006,0.0436,0.0043,0.0043,0.0197,-0.0,999.9
2019-11-12 13:39:08.500,-44.826275281,-65.730646053,26.6898,1,6,0.0123,0.006,0.0439,0.0043,0.0041,0.0197,-0.1,999.9
2019-11-12 13:39:09.000,-44.826274033999994,-65.730638304,26.6524,1,6,0.0122,0.0061,0.0442,0.0041,0.0039,0.0196,-0.0,999.9
2019-11-12 13:39:09.500,-44.826273538,-65.73063086399999,26.5514,1,6,0.0123,0.006,0.0446,0.0043,0.0035,0.0196,-0.1,999.9
2019-11-12 13:39:10.000,-44.826272345,-65.73062339100001,26.5818,1,6,0.0123,0.0061,0.0454,0.0044,0.0027,0.0194,-0.0,999.9
2019-11-12 13:39:10.500,-44.826271005,-65.730615765,26.615,1,6,0.0125,0.006,0.0469,0.0045,-0.0017,0.0191,-0.1,999.9
2019-11-12 13:39:11.000,-44.826270186,-65.73061236,26.4667,2,6,0.0087,0.0043,0.0325,0.0031,0.0013,0.0136,-0.0,3.8
2019-11-12 13:39:11.500,-44.826268747,-65.73060507699999,26.4417,2,6,0.0088,0.0045,0.0361,0.0033,-0.004,0.0129,0.1,3.5
2019-11-12 13:39:12.000,-44.826268003,-65.730601263,26.3714,1,6,0.0124,0.0064,0.0511,0.0046,-0.0056,0.0183,-0.0,5.3
2019-11-12 13:39:12.500,-44.82626622,-65.730586051,26.6063,1,6,0.0123,0.0059,0.0422,0.0042,0.0052,0.02,-0.1,74.5
2019-11-12 13:39:13.000,-44.826265643,-65.730578649,26.6345,1,6,0.0125,0.0063,0.051,0.0047,-0.0056,0.0183,-0.0,999.9
2019-11-12 13:39:13.500,-44.826264728999995,-65.730574882,26.5273,2,6,0.0088,0.0045,0.0361,0.0033,-0.0039,0.0129,0.1,3.6
2019-11-12 13:39:14.000,-44.826264736000006,-65.730568182,26.4255,2,6,0.0088,0.0045,0.0361,0.0033,-0.0039,0.0129,-0.0,4.3
2019-11-12 13:39:14.500,-44.826263104,-65.730561263,26.4525,2,6,0.0088,0.0044,0.0361,0.0034,-0.0039,0.0129,0.1,4.7
2019-11-12 13:39:15.000,-44.826262158,-65.73055381,26.4234,2,6,0.0088,0.0045,0.0361,0.0033,-0.0039,0.0129,-0.0,4.3
2019-11-12 13:39:15.500,-44.826260176000005,-65.73054672100001,26.4236,2,6,0.0088,0.0044,0.0361,0.0033,-0.0039,0.0129,0.1,3.5
2019-11-12 13:39:16.000,-44.826258676,-65.73053569300001,26.5305,1,6,0.0124,0.0064,0.051,0.0047,-0.0055,0.0183,-0.0,999.9
2019-11-12 13:39:16.500,-44.826256916999995,-65.730528668,26.4934,1,6,0.0123,0.0062,0.0446,0.0044,0.0036,0.0196,-0.1,508.2
2019-11-12 13:39:17.000,-44.826255493000005,-65.730520971,26.4154,1,6,0.0124,0.0061,0.0453,0.0045,0.0029,0.0194,-0.0,7.1
2019-11-12 13:39:17.500,-44.826254282,-65.73051343600001,26.4141,1,6,0.0124,0.0061,0.0468,0.0045,-0.001,0.0191,-0.1,6.4
2019-11-12 13:39:18.000,-44.826252787,-65.730505801,26.4301,1,6,0.0125,0.0063,0.051,0.0047,-0.0055,0.0183,-0.0,6.8
2019-11-12 13:39:18.500,-44.82625177600001,-65.730498095,26.398,1,6,0.0124,0.0062,0.0468,0.0045,-0.0012,0.0191,-0.1,6.4
2019-11-12 13:39:19.000,-44.826249557,-65.730489961,26.3653,1,6,0.0124,0.0064,0.0509,0.0047,-0.0054,0.0183,-0.0,6.1
2019-11-12 13:39:19.500,-44.826248088,-65.730481721,26.3178,1,6,0.0122,0.006,0.0445,0.0041,0.0038,0.0196,-0.1,6.6
2019-11-12 13:39:20.000,-44.826245668999995,-65.73047366,26.3036,1,6,0.0125,0.0061,0.0453,0.0046,0.0029,0.0194,-0.0,5.3
2019-11-12 13:39:20.500,-44.826244027,-65.73046541,26.296,1,6,0.0123,0.0063,0.0468,0.0044,-0.0008,0.0192,-0.1,4.1
2019-11-12 13:39:21.000,-44.826241537,-65.730457577,26.2179,1,6,0.0124,0.0064,0.0509,0.0046,-0.0054,0.0183,-0.0,3.7
2019-11-12 13:39:21.500,-44.826239975,-65.730449103,26.2493,1,6,0.0125,0.0064,0.0509,0.0047,-0.0054,0.0183,-0.1,3.1
2019-11-12 13:39:22.000,-44.826236763000004,-65.73044404,26.4661,2,6,0.0784,0.0387,0.2669,0.027,0.0323,0.1264,-0.0,1.2
2019-11-12 13:39:22.500,-44.826236064,-65.730437065,26.4826,2,6,0.0784,0.0387,0.2668,0.027,0.0323,0.1264,0.1,1.1
2019-11-12 13:39:23.000,-44.826233633,-65.730431096,26.4514,2,6,0.0784,0.0386,0.2663,0.027,0.0327,0.1264,-0.0,1.1
2019-11-12 13:39:23.500,-44.826232399,-65.73042588,26.4413,2,6,0.0784,0.0387,0.2667,0.027,0.0325,0.1264,0.1,1.1
2019-11-12 13:39:24.000,-44.826230795,-65.730421513,26.5466,2,6,0.0784,0.0387,0.2666,0.0271,0.0326,0.1264,-0.0,1.0
2019-11-12 13:39:24.500,-44.82622889100001,-65.730417806,26.538,2,6,0.0784,0.0386,0.266,0.0271,0.033,0.1265,0.1,1.0
2019-11-12 13:39:25.000,-44.826229545,-65.73041204399999,26.1829,1,6,0.0124,0.0062,0.0467,0.0045,0.0007,0.0192,-0.0,3.1
2019-11-12 13:39:25.500,-44.826228779,-65.730410702,26.215,1,6,0.0125,0.0063,0.0509,0.0048,-0.0053,0.0183,-0.1,3.2
2019-11-12 13:39:26.000,-44.826227636999995,-65.730412386,26.4794,2,6,0.0784,0.0387,0.2664,0.0272,0.0329,0.1264,-0.0,1.1
2019-11-12 13:39:26.500,-44.826227586,-65.73041234,26.5012,2,6,0.0784,0.0387,0.2663,0.0272,0.033,0.1264,0.1,1.0
2019-11-12 13:39:27.000,-44.82622824600001,-65.730412693,26.499,2,6,0.0784,0.0387,0.2662,0.0272,0.0331,0.1264,-0.0,1.0
2019-11-12 13:39:27.500,-44.826228258,-65.730412982,26.5148,2,6,0.0784,0.0387,0.2662,0.0273,0.0333,0.1264,0.1,1.1
2019-11-12 13:39:28.000,-44.826228484,-65.73041327600001,26.5145,2,6,0.0785,0.0387,0.2661,0.0273,0.0334,0.1264,-0.0,1.3
2019-11-12 13:39:28.500,-44.826228665,-65.730412708,26.5488,2,6,0.0785,0.0387,0.2661,0.0273,0.0335,0.1264,0.1,1.3
2019-11-12 13:39:29.000,-44.826228815,-65.730412297,26.5242,2,6,0.0785,0.0387,0.2661,0.0274,0.0337,0.1264,-0.0,1.4
2019-11-12 13:39:29.500,-44.82622880899999,-65.730412399,26.5945,2,6,0.0785,0.0387,0.2661,0.0274,0.0339,0.1265,0.1,1.6
2019-11-12 13:39:30.000,-44.826228826000005,-65.730412455,26.5293,2,6,0.0785,0.0388,0.2662,0.0275,0.0341,0.1266,-0.0,1.7
2019-11-12 13:39:30.500,-44.826227292,-65.730413724,26.4885,2,6,0.0786,0.0388,0.2657,0.0276,0.0348,0.1268,0.1,1.5
2019-11-12 13:39:31.000,-44.826226138,-65.7304133,26.5619,2,6,0.0787,0.0389,0.2661,0.0278,0.0355,0.1271,-0.0,1.4
2019-11-12 13:39:31.500,-44.826225915,-65.73041281,26.5133,2,6,0.079,0.0391,0.2677,0.0283,0.0372,0.1279,0.1,1.5
2019-11-12 13:39:32.000,-44.826225793999996,-65.730412762,26.4746,2,6,0.0786,0.0387,0.266,0.0276,0.035,0.1269,-0.0,1.2
2019-11-12 13:39:32.500,-44.826225677,-65.73041126,26.4644,2,6,0.0785,0.0387,0.2657,0.0275,0.0347,0.1267,0.1,2.1
2019-11-12 13:39:33.000,-44.826219596,-65.73040906899999,28.8424,1,6,0.0123,0.0061,0.0436,0.0043,0.0046,0.0197,-0.0,4.6
2019-11-12 13:39:33.500,-44.826217917,-65.730402676,28.7382,1,6,0.0125,0.0063,0.0507,0.0048,-0.0052,0.0183,0.1,6.8
2019-11-12 13:39:34.000,-44.826216155,-65.730395754,28.7524,1,6,0.0125,0.0064,0.0507,0.0048,-0.0051,0.0183,-0.0,4.3
2019-11-12 13:39:34.500,-44.826214572,-65.730388252,28.7983,1,6,0.0125,0.0063,0.0507,0.0047,-0.0051,0.0183,0.1,3.6
2019-11-12 13:39:35.000,-44.826212715,-65.730381798,28.8183,1,6,0.0125,0.0063,0.0507,0.0048,-0.0051,0.0183,-0.0,4.5
2019-11-12 13:39:35.500,-44.826212068000004,-65.730374589,28.856,1,6,0.0125,0.0064,0.0507,0.0048,-0.0051,0.0183,0.1,4.3
2019-11-12 13:39:36.000,-44.826210291,-65.73036756399999,28.9118,1,6,0.0125,0.0063,0.0507,0.0048,-0.0051,0.0183,-0.0,4.9
2019-11-12 13:39:36.500,-44.826210115,-65.730360498,28.9267,1,6,0.0124,0.0061,0.0466,0.0044,0.0017,0.0192,0.1,4.7
2019-11-12 13:39:37.000,-44.826209247,-65.73035333,28.9275,1,6,0.0123,0.0062,0.0451,0.0044,0.0035,0.0194,-0.0,10.0
2019-11-12 13:39:37.500,-44.826209248999994,-65.730346127,28.9136,1,6,0.0123,0.0061,0.0444,0.0044,0.0041,0.0196,0.1,9.1
2019-11-12 13:39:38.000,-44.826209413,-65.73033850899999,28.8009,1,6,0.0124,0.006,0.0439,0.0045,0.0045,0.0197,-0.0,999.9
2019-11-12 13:39:38.500,-44.826209526999996,-65.730330564,28.8091,1,6,0.0124,0.0061,0.0436,0.0045,0.0047,0.0197,0.1,999.9
2019-11-12 13:39:39.000,-44.82621067,-65.73032270899999,28.7121,1,6,0.0124,0.0061,0.0434,0.0046,0.0048,0.0197,-0.0,999.9
2019-11-12 13:39:39.500,-44.826211279,-65.73031469899999,28.7807,1,6,0.0123,0.0061,0.0432,0.0044,0.0049,0.0198,0.1,999.9
2019-11-12 13:39:40.000,-44.826212685,-65.73030671,28.6842,1,6,0.0123,0.0061,0.0431,0.0044,0.0051,0.0198,-0.0,999.9
2019-11-12 13:39:40.500,-44.82621352899999,-65.730298817,28.5911,1,6,0.0124,0.0061,0.043,0.0044,0.0051,0.0198,0.1,999.9
2019-11-12 13:39:41.000,-44.826215141000006,-65.730291198,28.5321,1,6,0.0195,0.0104,0.076,0.0122,0.0237,0.0366,-0.0,999.9
2019-11-12 13:39:41.500,-44.82621587,-65.730283172,28.4685,1,6,0.0163,0.0085,0.0618,0.0091,0.0172,0.0295,0.1,999.9
2019-11-12 13:39:42.000,-44.826217801999995,-65.730275372,28.3519,1,6,0.0151,0.0079,0.0562,0.0079,0.0144,0.0267,-0.0,999.9
2019-11-12 13:39:42.500,-44.826218315,-65.73026715600001,28.3154,1,6,0.0145,0.0074,0.0524,0.0072,0.0129,0.0252,0.1,19.8
2019-11-12 13:39:43.000,-44.826219552,-65.730258757,28.3706,1,6,0.0195,0.0105,0.0754,0.0122,0.0238,0.0367,-0.0,813.2
2019-11-12 13:39:43.500,-44.826221097,-65.73025062,28.182,1,6,0.0163,0.0086,0.061,0.0092,0.0173,0.0296,0.1,999.9
2019-11-12 13:39:44.000,-44.82622339899999,-65.730242788,28.3329,1,6,0.0195,0.0105,0.0754,0.0122,0.0238,0.0367,-0.0,969.2
2019-11-12 13:39:44.500,-44.826225672,-65.730235893,28.1969,1,6,0.0163,0.0086,0.061,0.0091,0.0173,0.0296,0.1,999.9
2019-11-12 13:39:45.000,-44.826228443000005,-65.730228947,28.1882,1,6,0.0151,0.0078,0.0554,0.0079,0.0145,0.0268,-0.0,999.9
2019-11-12 13:39:45.500,-44.826228726000004,-65.73022152600001,28.0996,1,6,0.0144,0.0073,0.0524,0.0071,0.0129,0.0252,0.1,999.9
2019-11-12 13:39:46.000,-44.826227718999995,-65.73021395399999,28.0487,1,6,0.0141,0.0071,0.0505,0.0068,0.0118,0.0243,-0.0,999.9
2019-11-12 13:39:46.500,-44.826225922,-65.7302066,28.017,1,6,0.0138,0.0069,0.0492,0.0064,0.011,0.0236,0.1,52.9
2019-11-12 13:39:47.000,-44.826223721999995,-65.730198586,28.0066,1,6,0.0136,0.0069,0.0482,0.0062,0.0105,0.0231,-0.0,62.6
2019-11-12 13:39:47.500,-44.826222791999996,-65.73019189899999,28.0176,1,6,0.0134,0.0068,0.0475,0.0059,0.01,0.0228,0.1,23.9
2019-11-12 13:39:48.000,-44.826221092,-65.73018495699999,27.9851,1,6,0.0133,0.0067,0.0469,0.0058,0.0096,0.0225,-0.0,56.8
2019-11-12 13:39:48.500,-44.826220066000005,-65.730177425,27.9949,1,6,0.0132,0.0066,0.0464,0.0057,0.0093,0.0222,0.1,35.8
2019-11-12 13:39:49.000,-44.826217895,-65.73017014,28.0099,1,6,0.0132,0.0066,0.046,0.0056,0.009,0.022,-0.0,28.3
2019-11-12 13:39:49.500,-44.826216458999994,-65.730162982,28.0266,1,6,0.0131,0.0065,0.0457,0.0055,0.0088,0.0219,0.1,24.1
2019-11-12 13:39:50.000,-44.826214303,-65.730156287,28.0776,1,6,0.013,0.0065,0.0454,0.0054,0.0086,0.0217,-0.0,8.7
2019-11-12 13:39:50.500,-44.82621297,-65.730150199,28.0486,1,6,0.0129,0.0065,0.0452,0.0053,0.0085,0.0216,0.1,20.9
2019-11-12 13:39:51.000,-44.826211453999996,-65.73014439399999,28.1572,1,6,0.0129,0.0065,0.045,0.0053,0.0083,0.0215,-0.0,16.4
2019-11-12 13:39:51.500,-44.826209593,-65.730138503,28.1531,1,6,0.0129,0.0065,0.0448,0.0053,0.0082,0.0214,0.1,8.9
2019-11-12 13:39:52.000,-44.82620809,-65.730131543,28.2096,1,6,0.0128,0.0064,0.0446,0.0051,0.0081,0.0213,-0.0,13.3
2019-11-12 13:39:52.500,-44.826206135,-65.730124734,28.2836,1,6,0.0129,0.0063,0.0445,0.0051,0.0079,0.0213,0.1,10.2
2019-11-12 13:39:53.000,-44.826205637,-65.730117621,28.2975,1,6,0.013,0.0066,0.0526,0.0055,0.0027,0.0197,-0.0,999.9
2019-11-12 13:39:53.500,-44.826203905,-65.730111128,28.3002,1,6,0.013,0.0067,0.0525,0.0055,0.0024,0.0196,0.1,999.9
2019-11-12 13:39:54.000,-44.826203705,-65.73010448699999,28.3874,1,6,0.013,0.0066,0.0524,0.0055,0.0022,0.0196,-0.0,999.9
2019-11-12 13:39:54.500,-44.826202045,-65.73009730300001,28.4378,1,6,0.0125,0.0063,0.0504,0.0049,-0.0046,0.0184,0.1,20.4
2019-11-12 13:39:55.000,-44.826201545,-65.730089788,28.4105,1,6,0.0125,0.0064,0.0504,0.0049,-0.0046,0.0184,-0.0,201.0
2019-11-12 13:39:55.500,-44.826200369,-65.73008259699999,28.4516,1,6,0.0124,0.0063,0.0463,0.0046,0.0026,0.0192,0.1,426.3
2019-11-12 13:39:56.000,-44.82619998,-65.730075978,28.38,1,6,0.0125,0.0063,0.0503,0.0049,-0.0046,0.0184,-0.0,654.4
2019-11-12 13:39:56.500,-44.826198694,-65.730069172,28.4116,1,6,0.0126,0.0063,0.0504,0.0049,-0.0046,0.0184,0.1,889.1
2019-11-12 13:39:57.000,-44.82619750600001,-65.730062685,28.3253,1,6,0.0126,0.0064,0.0503,0.005,-0.0045,0.0184,-0.0,999.9
2019-11-12 13:39:57.500,-44.826196456000005,-65.730056291,28.439,1,6,0.0126,0.0063,0.0503,0.0049,-0.0046,0.0184,0.1,999.9
2019-11-12 13:39:58.000,-44.826194892,-65.730051667,28.3832,1,6,0.0125,0.0064,0.0503,0.0049,-0.0045,0.0184,-0.0,999.9
2019-11-12 13:39:58.500,-44.8261945,-65.730047387,28.4049,1,6,0.0125,0.0063,0.0503,0.0049,-0.0045,0.0184,0.1,999.9
2019-11-12 13:39:59.000,-44.826194001000005,-65.730046714,28.451,1,6,0.0125,0.0064,0.0503,0.0049,-0.0045,0.0184,-0.0,999.9
2019-11-12 13:39:59.500,-44.82619394,-65.730046642,28.3584,1,6,0.0125,0.0063,0.0503,0.0049,-0.0045,0.0184,0.1,23.7
2019-11-12 13:40:00.000,-44.826192973999994,-65.73004640399999,28.3984,1,6,0.0125,0.0063,0.0503,0.0049,-0.0045,0.0184,-0.0,275.0
2019-11-12 13:40:00.500,-44.826191208000004,-65.73004358600001,28.3829,1,6,0.0125,0.0064,0.0503,0.0049,-0.0045,0.0184,0.1,527.7
2019-11-12 13:40:01.000,-44.826189608,-65.73003785899999,28.3891,1,6,0.0126,0.0063,0.0503,0.005,-0.0044,0.0184,-0.0,769.0
2019-11-12 13:40:01.500,-44.826187336000004,-65.730032099,28.3439,1,6,0.0125,0.0064,0.0503,0.0049,-0.0044,0.0184,0.1,999.9
2019-11-12 13:40:02.000,-44.826186116,-65.73002427899999,28.3303,1,6,0.0125,0.0063,0.0503,0.0049,-0.0044,0.0184,-0.0,999.9
2019-11-12 13:40:02.500,-44.826183987,-65.730017498,28.2571,1,6,0.0125,0.0064,0.0503,0.0049,-0.0044,0.0184,0.1,999.9
2019-11-12 13:40:03.000,-44.826182814,-65.730010037,28.2292,1,6,0.0126,0.0063,0.0502,0.005,-0.0044,0.0184,-0.0,999.9
2019-11-12 13:40:03.500,-44.826180099,-65.73000311199999,28.1645,1,6,0.0125,0.0064,0.0502,0.0049,-0.0044,0.0184,0.1,999.9
2019-11-12 13:40:04.000,-44.826178289,-65.72999537,28.0119,1,6,0.0126,0.0063,0.0502,0.005,-0.0044,0.0184,-0.0,999.9
2019-11-12 13:40:04.500,-44.82617591,-65.729987333,27.849,1,6,0.0126,0.0064,0.0502,0.0049,-0.0044,0.0184,0.1,999.9
2019-11-12 13:40:05.000,-44.826173992,-65.729978532,27.7557,1,6,0.0126,0.0064,0.0502,0.0049,-0.0044,0.0184,-0.0,999.9
2019-11-12 13:40:05.500,-44.826172252,-65.72997118100001,27.7712,1,6,0.0126,0.0063,0.0502,0.0049,-0.0043,0.0184,0.1,999.9
2019-11-12 13:40:06.000,-44.826170167,-65.729963126,27.7661,1,6,0.0126,0.0064,0.0502,0.005,-0.0043,0.0184,-0.0,999.9
2019-11-12 13:40:06.500,-44.82616873600001,-65.72995537,27.648,1,6,0.0126,0.0063,0.0502,0.0049,-0.0043,0.0184,0.1,999.9
2019-11-12 13:40:07.000,-44.826166312,-65.729947423,27.6217,1,6,0.0126,0.0063,0.0502,0.005,-0.0043,0.0184,-0.0,999.9
2019-11-12 13:40:07.500,-44.826165358999994,-65.729939641,27.5856,1,6,0.0126,0.0064,0.0502,0.005,-0.0043,0.0184,0.1,999.9
2019-11-12 13:40:08.000,-44.826163087,-65.729931917,27.6495,1,6,0.0125,0.0063,0.0502,0.0049,-0.0043,0.0184,-0.0,999.9
2019-11-12 13:40:08.500,-44.826161861,-65.729924684,27.7184,1,6,0.0126,0.0064,0.0502,0.005,-0.0043,0.0184,0.1,999.9
2019-11-12 13:40:09.000,-44.826159831999995,-65.72991812800001,27.6515,1,6,0.0126,0.0064,0.0501,0.0049,-0.0042,0.0184,-0.0,999.9
2019-11-12 13:40:09.500,-44.826158484,-65.729911665,27.7086,1,6,0.0126,0.0063,0.0501,0.005,-0.0042,0.0184,0.1,999.9
2019-11-12 13:40:10.000,-44.826155963999994,-65.72990534,27.7471,1,6,0.0125,0.0064,0.0501,0.0049,-0.0042,0.0184,-0.0,999.9
2019-11-12 13:40:10.500,-44.826155103000005,-65.729898776,27.6917,1,6,0.0125,0.0061,0.0462,0.0048,0.0031,0.0192,0.1,999.9
2019-11-12 13:40:11.000,-44.826152926999995,-65.729891998,27.6607,1,6,0.0125,0.0064,0.0501,0.0049,-0.0042,0.0184,-0.0,999.9
2019-11-12 13:40:11.500,-44.826151115,-65.729885528,27.6644,1,6,0.0124,0.0061,0.0461,0.0047,0.0031,0.0192,0.1,999.9
2019-11-12 13:40:12.000,-44.826149916999995,-65.729879232,27.7026,1,6,0.0126,0.0063,0.0501,0.005,-0.0042,0.0184,-0.0,999.9
2019-11-12 13:40:12.500,-44.82614761399999,-65.72987219699999,27.5971,1,6,0.0126,0.0063,0.0501,0.005,-0.0042,0.0184,0.1,999.9
2019-11-12 13:40:13.000,-44.82614709600001,-65.729864555,27.5464,1,6,0.0125,0.0063,0.0501,0.0049,-0.0041,0.0184,-0.0,999.9
2019-11-12 13:40:13.500,-44.826144647,-65.729857026,27.5091,1,6,0.0126,0.0063,0.0501,0.005,-0.0041,0.0184,0.1,999.9
2019-11-12 13:40:14.000,-44.82614377,-65.729848862,27.4523,1,6,0.0125,0.0063,0.0501,0.0049,-0.0041,0.0184,-0.0,999.9
2019-11-12 13:40:14.500,-44.826141516999996,-65.72984130399999,27.2596,1,6,0.0125,0.0062,0.0461,0.0047,0.0032,0.0192,0.1,999.9
2019-11-12 13:40:15.000,-44.826140034,-65.72983291199999,27.2992,1,6,0.0125,0.0061,0.0447,0.0047,0.0043,0.0195,-0.0,999.9
2019-11-12 13:40:15.500,-44.826137978,-65.72982496,27.213,1,6,0.0124,0.0062,0.044,0.0046,0.0049,0.0196,0.1,999.9
2019-11-12 13:40:16.000,-44.826136588999994,-65.729816858,27.3068,1,6,0.0124,0.0061,0.0436,0.0046,0.0051,0.0197,-0.0,999.9
2019-11-12 13:40:16.500,-44.826134771999996,-65.729809758,27.2922,1,6,0.0124,0.0061,0.0433,0.0047,0.0053,0.0197,0.1,999.9
2019-11-12 13:40:17.000,-44.826133448,-65.72980290699999,27.2724,1,6,0.0124,0.0062,0.043,0.0047,0.0054,0.0198,-0.0,999.9
2019-11-12 13:40:17.500,-44.826132156999996,-65.729796091,27.3507,1,6,0.0126,0.0063,0.05,0.005,-0.004,0.0184,0.1,999.9
2019-11-12 13:40:18.000,-44.826130789,-65.729788917,27.4304,1,6,0.0126,0.0063,0.05,0.005,-0.004,0.0184,-0.0,999.9
2019-11-12 13:40:18.500,-44.826130154,-65.72978268600001,27.4766,1,6,0.0125,0.0063,0.05,0.005,-0.004,0.0184,0.1,999.9
2019-11-12 13:40:19.000,-44.82612886,-65.72977702600001,27.5236,1,6,0.0125,0.0063,0.05,0.0049,-0.0039,0.0184,-0.0,999.9
2019-11-12 13:40:19.500,-44.826128687,-65.72977162800001,27.6581,1,6,0.0126,0.0064,0.05,0.005,-0.004,0.0184,0.1,999.9
2019-11-12 13:40:20.000,-44.826127448,-65.729766309,27.6935,1,6,0.0125,0.0062,0.046,0.0049,0.0033,0.0192,-0.0,999.9
2019-11-12 13:40:20.500,-44.826126968000004,-65.729760444,27.745,1,6,0.0125,0.0063,0.0447,0.0048,0.0044,0.0195,0.1,999.9
2019-11-12 13:40:21.000,-44.826125175,-65.72975479,27.9058,1,6,0.0126,0.0064,0.0499,0.005,-0.0039,0.0184,-0.0,999.9
2019-11-12 13:40:21.500,-44.826124526,-65.729750237,27.9452,1,6,0.0126,0.0064,0.05,0.005,-0.0039,0.0184,0.1,999.9
2019-11-12 13:40:22.000,-44.82612175,-65.729746755,28.0138,1,6,0.0126,0.0064,0.0499,0.005,-0.0039,0.0184,-0.0,999.9
2019-11-12 13:40:22.500,-44.826119582,-65.729742797,27.9752,1,6,0.0126,0.0063,0.0499,0.005,-0.0038,0.0184,0.1,999.9
2019-11-12 13:40:23.000,-44.826115741,-65.729740691,28.044,1,6,0.0126,0.0064,0.0499,0.0051,-0.0038,0.0184,-0.0,999.9
2019-11-12 13:40:23.500,-44.826111618,-65.729738028,28.0209,1,6,0.0126,0.0064,0.0499,0.005,-0.0038,0.0184,0.1,999.9
2019-11-12 13:40:24.000,-44.826106917,-65.729737853,28.0697,1,6,0.0126,0.0064,0.0499,0.0051,-0.0039,0.0184,-0.0,999.9
2019-11-12 13:40:24.500,-44.826102335,-65.729737997,28.0281,1,6,0.0126,0.0064,0.0499,0.005,-0.0038,0.0184,0.1,999.9
2019-11-12 13:40:25.000,-44.826097622,-65.729739074,28.1502,1,6,0.0126,0.0064,0.0499,0.005,-0.0038,0.0184,-0.0,999.9
2019-11-12 13:40:25.500,-44.826093621000005,-65.729740917,28.2029,1,6,0.0125,0.0062,0.046,0.0047,0.0035,0.0192,0.1,999.9
2019-11-12 13:40:26.000,-44.82608927,-65.72973989399999,28.1713,1,6,0.0126,0.0064,0.0499,0.0051,-0.0038,0.0184,-0.0,999.9
2019-11-12 13:40:26.500,-44.826083916,-65.729740613,27.9766,1,6,0.0126,0.0064,0.0499,0.0051,-0.0037,0.0184,0.1,999.9
2019-11-12 13:40:27.000,-44.826077937,-65.72973951,28.1073,1,6,0.0189,0.0064,0.05,0.0055,-0.0039,0.017,-0.0,999.9
2019-11-12 13:40:27.500,-44.826072737,-65.72974003600001,28.0164,1,6,0.0189,0.0064,0.05,0.0055,-0.0039,0.017,0.1,999.9
2019-11-12 13:40:28.000,-44.826073665,-65.729739018,26.6282,2,6,0.0099,0.0045,0.0337,0.0035,0.0008,0.0134,-0.0,999.9
2019-11-12 13:40:28.500,-44.826068684,-65.72974017899999,26.7286,2,6,0.0098,0.0044,0.0337,0.0036,0.0008,0.013,0.1,999.9
2019-11-12 13:40:29.000,-44.826057641999995,-65.729739129,28.1872,1,6,0.0144,0.0063,0.0499,0.0051,-0.0037,0.0181,-0.0,999.9
2019-11-12 13:40:29.500,-44.826052483000005,-65.729739728,28.2321,1,6,0.014,0.0063,0.046,0.0049,0.0036,0.019,0.1,999.9
2019-11-12 13:40:30.000,-44.826048463999996,-65.729737646,28.2693,1,6,0.0138,0.0062,0.0446,0.0048,0.0046,0.0193,-0.0,999.9
2019-11-12 13:40:30.500,-44.826042915,-65.72973695600001,28.3678,1,6,0.0137,0.0064,0.0498,0.0052,-0.0037,0.0182,0.1,999.9
2019-11-12 13:40:31.000,-44.826044368000005,-65.729734759,26.0528,2,6,0.0095,0.0045,0.0352,0.0036,-0.0026,0.0129,-0.0,999.9
2019-11-12 13:40:31.500,-44.826039123,-65.729732085,26.0438,2,6,0.0095,0.0045,0.0352,0.0036,-0.0025,0.0129,0.1,999.9
2019-11-12 13:40:32.000,-44.826035051000005,-65.72972838300001,25.9955,2,6,0.0095,0.0045,0.0352,0.0036,-0.0025,0.0129,-0.0,999.9
2019-11-12 13:40:32.500,-44.826030704,-65.729728625,25.8319,2,6,0.0094,0.0044,0.0321,0.0035,0.0029,0.0135,0.1,999.9
2019-11-12 13:40:33.000,-44.826020683,-65.729728753,28.1996,1,6,0.0131,0.0062,0.0459,0.0048,0.0037,0.0191,-0.0,999.9
2019-11-12 13:40:33.500,-44.82601549100001,-65.729730717,28.2245,1,6,0.0131,0.0061,0.0445,0.0048,0.0047,0.0194,0.1,999.9
2019-11-12 13:40:34.000,-44.826011245,-65.72973344,28.2071,1,6,0.013,0.0061,0.0438,0.0048,0.0051,0.0195,-0.0,999.9
2019-11-12 13:40:34.500,-44.826006258,-65.729735427,28.2803,1,6,0.013,0.0061,0.0434,0.0047,0.0054,0.0196,0.1,999.9
2019-11-12 13:40:35.000,-44.82600804,-65.729738449,25.4801,2,6,0.0096,0.0044,0.0313,0.0034,0.0035,0.0138,-0.0,999.9
2019-11-12 13:40:35.500,-44.825997751,-65.729738625,28.2371,1,6,0.0129,0.0062,0.0429,0.0048,0.0057,0.0197,0.1,999.9
2019-11-12 13:40:36.000,-44.825993201,-65.72974048,28.2147,1,6,0.013,0.0064,0.0497,0.0051,-0.0034,0.0183,-0.0,999.9
2019-11-12 13:40:36.500,-44.82598866,-65.729739401,28.2999,1,6,0.0126,0.0064,0.0497,0.0051,-0.0034,0.0184,0.1,44.7
2019-11-12 13:40:37.000,-44.82598380100001,-65.72973662300001,28.2396,1,6,0.0126,0.0064,0.0497,0.0051,-0.0034,0.0184,-0.0,409.0
2019-11-12 13:40:37.500,-44.825980668999996,-65.729730895,28.2698,1,6,0.0127,0.0063,0.0497,0.0051,-0.0034,0.0184,0.1,846.0
2019-11-12 13:40:38.000,-44.825977366000004,-65.729724876,28.1864,1,6,0.0125,0.0063,0.0458,0.0049,0.0038,0.0192,-0.0,999.9
2019-11-12 13:40:38.500,-44.825978726,-65.72971533,25.0896,2,6,0.0089,0.0045,0.0351,0.0036,-0.0024,0.013,0.1,999.9
2019-11-12 13:40:39.000,-44.82597569399999,-65.72970806800001,24.3987,2,6,0.0089,0.0043,0.0317,0.0034,0.0032,0.0137,-0.0,999.9
2019-11-12 13:40:39.500,-44.825974072,-65.729701145,24.589,2,6,0.0088,0.0043,0.031,0.0034,0.0037,0.0139,0.1,999.9
2019-11-12 13:40:40.000,-44.825972304,-65.729694468,24.7097,2,6,0.0088,0.0043,0.0307,0.0034,0.0039,0.0139,-0.0,999.9
2019-11-12 13:40:40.500,-44.825969969,-65.729687587,24.7985,2,6,0.0088,0.0043,0.0306,0.0033,0.0039,0.0139,0.1,999.9
2019-11-12 13:40:41.000,-44.825968354,-65.729680754,24.8839,2,6,0.0088,0.0043,0.0305,0.0033,0.0039,0.014,-0.0,999.9
2019-11-12 13:40:41.500,-44.825966173999994,-65.729674306,24.8412,2,6,0.0088,0.0043,0.0305,0.0033,0.004,0.014,0.1,999.9
2019-11-12 13:40:42.000,-44.825961303999996,-65.729669299,27.6758,1,6,0.0125,0.0062,0.0428,0.0048,0.0057,0.0198,-0.0,999.9
2019-11-12 13:40:42.500,-44.825959477,-65.72966270399999,27.602,1,6,0.0124,0.0061,0.0427,0.0046,0.0059,0.0198,0.1,999.9
2019-11-12 13:40:43.000,-44.825958176,-65.72965592,27.5428,1,6,0.0125,0.0061,0.0425,0.0047,0.0059,0.0198,-0.0,999.9
2019-11-12 13:40:48.000,-44.825939197,-65.729586017,27.4346,1,6,0.0202,0.011,0.0769,0.013,0.025,0.0376,-0.0,999.9
2019-11-12 13:40:48.500,-44.825941719,-65.729578267,23.9613,2,6,0.0103,0.0054,0.0396,0.0053,0.0081,0.017,0.1,999.9
2019-11-12 13:40:49.000,-44.82594133,-65.729572343,24.5867,2,6,0.0101,0.0052,0.0391,0.005,0.0076,0.0166,-0.0,999.9
2019-11-12 13:40:49.500,-44.825938968,-65.72956579,24.4182,2,6,0.01,0.0052,0.0398,0.005,0.0067,0.016,0.1,999.9
2019-11-12 13:40:50.000,-44.82593399,-65.729561099,27.4784,1,6,0.0145,0.0075,0.0577,0.0074,0.0106,0.0234,-0.0,999.9
2019-11-12 13:40:50.500,-44.825931688000004,-65.729555203,27.4204,1,6,0.0141,0.0073,0.0531,0.0069,0.0108,0.0233,0.1,999.9
2019-11-12 13:40:51.000,-44.825931594,-65.72954573,24.3002,2,6,0.0098,0.005,0.0366,0.0047,0.0073,0.0162,-0.0,999.9
2019-11-12 13:40:51.500,-44.825928375,-65.72954273,27.368,1,6,0.0138,0.0071,0.0514,0.0066,0.0096,0.0224,0.1,999.9
2019-11-12 13:40:52.000,-44.825926796000005,-65.729536927,27.4176,1,6,0.0136,0.0069,0.0496,0.0063,0.0097,0.0223,-0.0,999.9
2019-11-12 13:40:52.500,-44.825928138,-65.72952847399999,25.6538,2,6,0.0099,0.0051,0.0364,0.0048,0.0079,0.0166,0.1,999.9
2019-11-12 13:40:53.000,-44.825926378000005,-65.729522476,25.7436,2,6,0.0101,0.0051,0.037,0.005,0.0082,0.0169,-0.0,999.9
2019-11-12 13:40:53.500,-44.825924173000004,-65.72951821699999,27.3911,1,6,0.0133,0.0067,0.047,0.0059,0.0092,0.0219,0.1,999.9
2019-11-12 13:40:54.000,-44.825921811,-65.729512181,27.4041,1,6,0.0134,0.0068,0.0527,0.0061,0.0063,0.0205,-0.0,999.9
2019-11-12 13:40:54.500,-44.825921293,-65.729505025,27.2823,2,6,0.0203,0.0111,0.0829,0.0131,0.0245,0.0374,0.1,2.4
2019-11-12 13:40:55.000,-44.82591972,-65.729499641,27.4247,1,6,0.0124,0.0061,0.0415,0.0047,0.0066,0.02,-0.0,4.0
2019-11-12 13:40:55.500,-44.82591855,-65.729493562,27.3846,1,6,0.0125,0.0061,0.0415,0.0048,0.0065,0.02,0.1,4.5
2019-11-12 13:40:56.000,-44.825917597,-65.729486788,27.3592,1,6,0.0124,0.0061,0.0415,0.0046,0.0066,0.02,-0.0,4.1
2019-11-12 13:40:56.500,-44.825916193999994,-65.72948011300001,27.2847,1,6,0.0127,0.0064,0.0494,0.0052,-0.0027,0.0184,0.1,226.8
2019-11-12 13:40:57.000,-44.82591569,-65.729473347,27.3215,1,6,0.0126,0.0064,0.0494,0.0051,-0.0026,0.0185,-0.0,433.1
2019-11-12 13:40:57.500,-44.825914175,-65.729466537,27.2788,1,6,0.0126,0.0062,0.0456,0.005,0.0042,0.0192,0.1,410.8
2019-11-12 13:40:58.000,-44.825913435,-65.729459974,27.1881,1,6,0.0125,0.0062,0.0442,0.0049,0.0051,0.0195,-0.0,348.1
2019-11-12 13:40:58.500,-44.825912553,-65.729453507,27.2344,1,6,0.0127,0.0064,0.0494,0.0052,-0.0026,0.0184,0.1,300.5
2019-11-12 13:40:59.000,-44.825910725,-65.729446892,27.2375,1,6,0.0127,0.0064,0.0493,0.0052,-0.0026,0.0184,-0.0,376.9
2019-11-12 13:40:59.500,-44.825910277,-65.729440333,27.2596,1,6,0.0126,0.0064,0.0493,0.0051,-0.0025,0.0185,0.1,392.0
2019-11-12 13:41:06.000,-44.825905254,-65.729400477,27.5044,1,6,0.0126,0.0064,0.0492,0.0052,-0.0022,0.0185,-0.0,999.9
2019-11-12 14:54:12.500,-44.807584039,-65.727325845,16.8435,2,7,0.1871,0.1501,0.2498,-0.0902,0.1125,-0.0279,0.09,1.8
2019-11-12 14:54:13.000,-44.807584861,-65.727324791,16.9479,2,7,0.188,0.1511,0.2498,-0.0918,0.1123,-0.0274,-0.0,1.1
2019-11-12 14:54:13.500,-44.807585675,-65.727324941,16.9651,2,7,0.1903,0.1527,0.2495,-0.0955,0.1113,-0.0256,0.09,1.4
2019-11-12 14:54:14.000,-44.807586263999994,-65.727325013,16.7957,2,7,0.1947,0.158,0.2496,-0.1038,0.1114,-0.0263,-0.0,1.2
2019-11-12 14:54:14.500,-44.807589626,-65.727319202,17.0137,2,7,0.205,0.1702,0.2496,-0.1217,0.1114,-0.0264,0.09,1.1
2019-11-12 14:54:15.000,-44.807592971000005,-65.727315519,17.109,2,7,0.1693,0.1263,0.2497,-0.0388,0.1096,-0.0126,-0.0,1.0
2019-11-12 14:54:15.500,-44.80759429,-65.727312358,17.0378,2,7,0.1691,0.1253,0.2498,-0.0369,0.1092,-0.0112,0.09,2.1
2019-11-12 14:54:16.000,-44.807587389,-65.727314204,15.3926,1,7,0.0164,0.0148,0.0244,-0.0108,0.0159,-0.0062,-0.0,4.2
2019-11-12 14:54:16.500,-44.807599147,-65.72730339399999,17.4859,2,7,0.169,0.1248,0.2501,-0.0348,0.1093,-0.0073,0.09,1.6
2019-11-12 14:54:17.000,-44.807592317,-65.727299943,16.6062,1,8,0.0171,0.0194,0.0368,-0.0073,0.0245,0.0099,-0.0,9.5
2019-11-12 14:54:17.500,-44.807609047,-65.727300177,17.7474,1,8,0.0171,0.012,0.0229,-0.0078,0.0127,0.0091,-0.1,3.3
2019-11-12 14:54:18.000,-44.807606107,-65.727294867,17.3556,2,8,0.1692,0.1249,0.2495,-0.0326,0.1096,-0.0145,-0.0,1.2
2019-11-12 14:54:18.500,-44.80760915,-65.727290524,17.446,2,8,0.1695,0.1249,0.2495,-0.0324,0.1096,-0.0146,0.09,2.2
2019-11-12 14:54:19.000,-44.807612596000006,-65.727286123,17.3828,2,8,0.1698,0.1249,0.2494,-0.0324,0.1095,-0.0158,-0.0,1.1
2019-11-12 14:54:19.500,-44.807614771000004,-65.72728125100001,17.4826,2,8,0.1701,0.1251,0.2499,-0.0317,0.1099,-0.0139,0.09,2.3
2019-11-12 14:54:20.000,-44.807617101000005,-65.727278491,17.6707,2,8,0.1703,0.125,0.2498,-0.0316,0.1099,-0.0151,-0.0,1.4
2019-11-12 14:54:20.500,-44.807615653,-65.72727636100001,17.0384,1,7,0.0755,0.0773,0.2484,0.0746,0.138,0.1353,0.09,5.6
2019-11-12 14:54:21.000,-44.807620607,-65.727273789,17.4729,1,7,0.0734,0.0752,0.2416,0.0726,0.1342,0.1316,-0.0,21.0
2019-11-12 14:54:21.500,-44.80762491,-65.727269202,18.0203,2,7,0.1714,0.1252,0.2503,-0.0325,0.1098,-0.0128,0.09,999.9
2019-11-12 14:54:22.000,-44.807628271000006,-65.727269439,17.5592,2,7,0.1782,0.1461,0.2879,0.051,0.151,0.0824,-0.0,2.8
2019-11-12 14:54:22.500,-44.807630777,-65.727266028,17.5002,2,7,0.1782,0.1462,0.288,0.0511,0.1512,0.0824,0.09,5.1
2019-11-12 14:54:23.000,-44.807633192,-65.727260876,17.9486,2,7,0.1784,0.1464,0.2883,0.0514,0.1514,0.0826,-0.0,1.8
2019-11-12 14:54:23.500,-44.807635223000005,-65.727259457,17.8332,2,7,0.1787,0.1464,0.2882,0.0515,0.1513,0.0825,0.09,76.2
2019-11-12 14:54:24.000,-44.807637458,-65.727253734,18.2711,2,7,0.1789,0.146,0.2876,0.0513,0.1506,0.0819,-0.0,1.3
2019-11-12 14:54:24.500,-44.807640236000005,-65.72725166800001,18.2892,2,6,0.1801,0.1475,0.2907,0.0555,0.1535,0.087,0.09,34.3
2019-11-12 14:54:25.000,-44.80764237100001,-65.72724615,18.4534,2,6,0.1802,0.1475,0.2907,0.0554,0.1535,0.0869,-0.0,4.3
2019-11-12 14:54:25.500,-44.807646213000005,-65.727244776,18.1282,2,7,0.1796,0.1459,0.2874,0.0516,0.1503,0.0817,0.09,1.2
2019-11-12 14:54:26.000,-44.807648378,-65.727237536,18.555,2,7,0.1798,0.1459,0.2874,0.0518,0.1503,0.0819,-0.0,4.8
2019-11-12 14:54:27.500,-44.807657403,-65.72722948399999,18.3386,2,7,0.18,0.1468,0.2887,0.0523,0.1517,0.0821,0.09,1.6
2019-11-12 14:54:28.000,-44.807660368,-65.72722337,18.7371,2,7,0.1803,0.1469,0.2888,0.0528,0.1519,0.0823,-0.0,73.2
2019-11-12 14:54:30.000,-44.807657551000005,-65.727229076,18.4796,2,8,0.1818,0.23,0.2835,-0.1035,0.1508,0.1033,-0.0,0.0
2019-11-12 14:54:30.500,-44.807643433,-65.727182687,23.0308,2,8,0.256,0.2705,0.4845,0.168,0.3078,0.2396,0.09,9.4
2019-11-12 14:54:31.000,-44.807646532,-65.727177236,23.0949,2,8,0.2563,0.2706,0.4846,0.1684,0.308,0.24,-0.0,4.9
2019-11-12 14:54:31.500,-44.80762651,-65.727130115,29.4987,2,8,0.2838,0.322,0.5686,0.2228,0.3831,0.3063,0.09,9.6
2019-11-12 14:54:32.000,-44.807654223,-65.727169039,23.5897,2,8,0.2157,0.1902,0.4163,0.0409,0.2135,0.1477,-0.0,0.0
2019-11-12 14:54:32.500,-44.807657602,-65.727165829,22.9199,2,8,0.2157,0.1902,0.4162,0.0406,0.2135,0.1476,0.09,0.0
2019-11-12 14:54:33.000,-44.807660401999996,-65.727165375,23.0067,2,8,0.2159,0.1902,0.4162,0.0406,0.2134,0.1476,-0.0,0.0
2019-11-12 14:54:33.500,-44.807663116,-65.727160323,23.0617,2,8,0.2161,0.1902,0.4162,0.0407,0.2134,0.1477,0.09,0.0
2019-11-12 14:54:34.000,-44.807664761999995,-65.727157144,23.2175,2,8,0.2164,0.1902,0.4163,0.0408,0.2135,0.1479,-0.0,0.0
2019-11-12 14:54:34.500,-44.80767171,-65.727159295,21.7979,2,7,0.2538,0.2076,0.456,0.1162,0.249,0.2382,0.09,0.0
2019-11-12 14:54:35.000,-44.807679195,-65.72716042100001,20.3593,2,7,0.2541,0.2075,0.4553,0.1162,0.2487,0.238,-0.0,0.0
2019-11-12 14:54:35.500,-44.80767409600001,-65.727145971,22.2948,2,8,0.2514,0.2079,0.452,0.1158,0.2487,0.2336,0.09,0.0
2019-11-12 14:54:36.000,-44.807674035,-65.72713904300001,23.8146,2,8,0.232,0.2595,0.4261,0.1218,0.2738,0.1959,-0.0,0.0
2019-11-12 14:54:36.500,-44.807673546000004,-65.72713794,23.6153,2,8,0.2671,0.2633,0.4251,0.0661,0.2714,0.1942,0.09,1.8
2019-11-12 14:54:37.000,-44.807675773999996,-65.727128275,23.9311,2,8,0.2674,0.2634,0.4251,0.0667,0.2714,0.1942,-0.0,1.7
2019-11-12 14:54:37.500,-44.807692562,-65.72715699300001,19.9143,2,8,0.2617,0.2094,0.3557,-0.0824,0.1899,0.1505,0.09,999.9
2019-11-12 14:54:38.000,-44.807699418,-65.727152082,19.7846,2,8,0.2619,0.2095,0.3558,-0.0823,0.19,0.1504,-0.0,999.9
2019-11-12 14:54:38.500,-44.807706913000004,-65.72715281800001,18.7506,2,8,0.2622,0.2092,0.3552,-0.0827,0.1895,0.1498,0.09,38.0
2019-11-12 14:54:39.000,-44.80770858100001,-65.727146101,19.1082,2,7,0.266,0.2096,0.3565,-0.0857,0.1884,0.1541,-0.0,1.4
2019-11-12 14:54:39.500,-44.80770897399999,-65.727143786,19.3202,2,7,0.2664,0.21,0.3572,-0.0851,0.1891,0.1547,0.09,31.4
2019-11-12 14:54:40.000,-44.807713918000005,-65.727135866,19.3277,2,7,0.2665,0.2099,0.3569,-0.0852,0.1889,0.1546,-0.0,1.0
2019-11-12 14:54:40.500,-44.80770112,-65.727116688,22.2636,2,7,0.3861,0.2991,0.4424,-0.1832,0.2402,0.2667,0.09,9.2
2019-11-12 14:54:41.000,-44.807701596,-65.72711885300001,21.9854,2,7,0.3862,0.2991,0.4424,-0.1832,0.2403,0.2666,-0.0,5.2
2019-11-12 14:54:41.500,-44.80769976,-65.727115651,22.292,2,7,0.3903,0.3075,0.4383,-0.1975,0.2427,0.2577,0.09,19.1
2019-11-12 14:54:42.000,-44.807708996,-65.727117691,21.2955,2,6,0.3631,0.3403,0.4434,-0.2476,0.2675,0.186,-0.0,999.9
2019-11-12 14:54:42.500,-44.807717633,-65.727096494,18.1093,2,7,0.227,0.2294,0.4895,0.111,0.2153,0.1642,0.09,1.4
2019-11-12 14:54:43.000,-44.807723339,-65.727099443,16.7119,2,7,0.227,0.2295,0.4896,0.1109,0.2154,0.1641,-0.0,1.3
2019-11-12 14:54:43.500,-44.807722481000006,-65.72708550600001,18.552,2,8,0.012,0.0138,0.0262,-0.0052,0.0175,0.0069,0.09,3.8
2019-11-12 14:54:44.000,-44.807738047,-65.727091198,14.9203,1,8,0.0169,0.0195,0.037,-0.0073,0.0247,0.0097,-0.0,11.3
2019-11-12 14:54:44.500,-44.807723333999995,-65.727085322,18.6706,2,8,0.2514,0.251,0.5606,0.1583,0.2817,0.2381,0.09,1.3
2019-11-12 14:54:45.000,-44.807719188,-65.727080057,20.4971,2,8,0.236,0.2222,0.5417,0.1208,0.2309,0.2016,-0.0,1.3
2019-11-12 14:54:45.500,-44.807720702,-65.72707915,19.8118,2,8,0.236,0.2223,0.5415,0.121,0.2308,0.2015,0.09,1.4
2019-11-12 14:54:46.000,-44.807727947,-65.727091317,17.0975,2,8,0.2362,0.2225,0.5416,0.1213,0.231,0.2017,-0.0,1.0
2019-11-12 14:54:46.500,-44.807740294,-65.72712758,15.4703,2,8,0.2541,0.2948,0.6117,0.1745,0.2274,0.2301,0.09,1.1
2019-11-12 14:54:47.000,-44.807739045,-65.727127381,16.6827,2,8,0.2542,0.2948,0.6117,0.1746,0.2273,0.2301,-0.0,1.3
2019-11-12 14:54:47.500,-44.807731182,-65.72712031399999,17.3004,1,8,0.0169,0.0195,0.0371,-0.0073,0.0247,0.0097,0.09,11.3
2019-11-12 14:54:48.000,-44.807733773,-65.727106124,16.1262,2,8,0.2577,0.3097,0.7809,0.1616,0.0645,0.2704,-0.0,1.2
2019-11-12 14:54:48.500,-44.80773073899999,-65.72709704399999,17.1229,2,8,0.2816,0.3718,0.8013,0.2223,0.2027,0.3055,0.09,1.9
2019-11-12 14:54:49.000,-44.807729956,-65.727104325,20.0567,2,8,0.2818,0.3718,0.8013,0.2222,0.2028,0.3054,-0.0,1.3
2019-11-12 14:54:49.500,-44.807722549,-65.72708156,20.7192,2,8,0.2708,0.2949,0.7269,0.1731,0.3434,0.3478,0.09,1.2
2019-11-12 14:54:50.000,-44.807732762,-65.727097074,17.2363,2,8,0.2835,0.3186,0.5939,0.2017,0.3505,0.3337,-0.0,1.3
2019-11-12 14:54:50.500,-44.807747707,-65.727098429,14.5209,1,8,0.0137,0.0156,0.0348,0.0046,0.0217,0.0142,0.09,4.1
2019-11-12 14:54:51.000,-44.807737126999996,-65.727083849,19.7246,1,8,0.0632,0.0671,0.2096,0.0621,0.1177,0.1125,-0.0,7.1
2019-11-12 14:54:51.500,-44.807736228,-65.727082762,19.7704,2,8,0.0609,0.0636,0.2028,0.0609,0.1132,0.11,0.09,7.3
2019-11-12 14:54:52.000,-44.807742501999996,-65.727079292,19.3861,1,8,0.0659,0.0687,0.2175,0.0649,0.1215,0.1176,-0.0,48.9
2019-11-12 14:54:52.500,-44.807743041,-65.727076258,19.6981,2,8,0.1503,0.1179,0.2222,-0.0433,0.1065,0.0446,0.09,2.0
2019-11-12 14:54:53.000,-44.807745692,-65.727074192,19.528,2,8,0.1501,0.1179,0.2222,-0.0431,0.1065,0.0444,-0.0,2.7
2019-11-12 14:54:53.500,-44.807749281999996,-65.727069737,19.5941,2,8,0.1489,0.1172,0.2218,-0.0404,0.1073,0.0416,0.09,191.8
2019-11-12 14:54:54.000,-44.807752835,-65.727066758,19.4161,2,8,0.1495,0.1176,0.2221,-0.0421,0.1068,0.0434,-0.0,1.1
2019-11-12 14:54:54.500,-44.807755172,-65.727061933,19.4279,2,7,0.15,0.1177,0.2224,-0.0426,0.1065,0.0449,0.09,2.3
2019-11-12 14:54:55.000,-44.807758182,-65.727059067,19.5045,2,7,0.1468,0.1146,0.2227,-0.0312,0.108,0.0419,-0.0,76.4
2019-11-12 14:54:55.500,-44.807760915,-65.727054811,19.5279,2,8,0.1463,0.1153,0.2227,-0.0312,0.109,0.0396,0.09,2.5
2019-11-12 14:54:56.000,-44.807763803,-65.727049724,19.6128,2,7,0.1466,0.1154,0.223,-0.0316,0.1089,0.0409,-0.0,13.1
2019-11-12 14:54:56.500,-44.807766722,-65.727046451,19.598,2,7,0.1466,0.1154,0.223,-0.0315,0.1089,0.0409,0.09,277.0
2019-11-12 14:54:57.000,-44.807768943999996,-65.727040841,19.7359,2,8,0.1462,0.1153,0.2225,-0.031,0.1089,0.0395,-0.0,14.4
2019-11-12 14:54:57.500,-44.807772848,-65.72703963800001,19.5241,2,8,0.1462,0.1152,0.2225,-0.0312,0.1087,0.0392,0.09,118.5
2019-11-12 14:54:58.000,-44.807775325,-65.727034465,19.5802,2,8,0.1462,0.1155,0.2229,-0.0307,0.1093,0.0398,-0.0,2.1
2019-11-12 14:54:58.500,-44.80777816,-65.727032697,19.5268,2,8,0.1463,0.1154,0.2227,-0.0306,0.109,0.0398,0.09,7.5
2019-11-12 14:54:59.000,-44.807782272,-65.727027878,19.3529,2,8,0.1467,0.1154,0.2227,-0.0293,0.1091,0.0413,-0.0,0.0
2019-11-12 14:54:59.500,-44.807785206000005,-65.72702354,19.4449,2,8,0.1467,0.1154,0.2226,-0.0292,0.1091,0.0418,0.09,0.0
2019-11-12 14:55:00.000,-44.807789551000006,-65.72701988600001,19.4169,2,8,0.1467,0.1155,0.2227,-0.0292,0.1091,0.042,-0.0,0.0
2019-11-12 14:55:00.500,-44.80779236,-65.72701610899999,19.2794,2,8,0.1471,0.1155,0.2232,-0.0288,0.1093,0.0437,0.09,0.0
2019-11-12 14:55:01.000,-44.80779567,-65.72701232600001,19.2614,2,8,0.1476,0.1177,0.2281,-0.0231,0.1142,0.0496,-0.0,0.0
2019-11-12 14:55:01.500,-44.807806123,-65.727022093,17.2559,2,8,0.1601,0.1487,0.2701,0.0713,0.1619,0.1069,0.09,0.0
2019-11-12 14:55:02.000,-44.80781049,-65.727018705,17.1255,2,8,0.1601,0.1486,0.2699,0.0711,0.1617,0.1066,-0.0,0.0
2019-11-12 14:55:02.500,-44.807814495,-65.727014856,16.8505,2,8,0.1601,0.1481,0.269,0.0707,0.1609,0.1061,0.09,0.0
2019-11-12 14:55:03.000,-44.807816877,-65.727008997,17.2398,2,8,0.1601,0.1481,0.2689,0.0707,0.1608,0.1061,-0.0,0.0
2019-11-12 14:55:03.500,-44.807821815,-65.727004666,16.9654,2,8,0.1602,0.1481,0.2689,0.0707,0.1608,0.1062,0.09,0.0
2019-11-12 14:55:04.000,-44.807825606,-65.727001191,16.8974,2,8,0.1603,0.1481,0.2689,0.0707,0.1607,0.1061,-0.0,0.0
2019-11-12 14:55:04.500,-44.80783022399999,-65.726996699,16.8678,2,8,0.1603,0.1481,0.2689,0.0707,0.1608,0.1061,0.09,0.0
2019-11-12 14:55:05.000,-44.807833362,-65.726992501,16.6127,2,8,0.1604,0.1483,0.2691,0.0705,0.161,0.1059,-0.0,0.0
2019-11-12 14:55:05.500,-44.807837106,-65.726986699,17.0651,2,8,0.1606,0.1487,0.2701,0.0708,0.1618,0.1063,0.09,0.0
2019-11-12 14:55:06.000,-44.807840979,-65.726984199,16.686,2,8,0.1608,0.1485,0.2696,0.0709,0.1613,0.1064,-0.0,0.0
2019-11-12 14:55:06.500,-44.807847218,-65.72697255199999,16.7835,2,8,0.2386,0.2101,0.5077,0.1564,0.2979,0.3019,0.09,1.0
2019-11-12 14:55:07.000,-44.807858976000006,-65.7269717,15.3042,2,8,0.0763,0.0813,0.258,0.0775,0.1445,0.1392,-0.0,7.5
2019-11-12 14:55:07.500,-44.80785921100001,-65.726970757,15.1673,2,7,0.0763,0.0811,0.2578,0.0775,0.1443,0.1392,0.09,54.8
2019-11-12 14:55:08.000,-44.807863323,-65.726967938,14.6778,1,7,0.0764,0.0814,0.2583,0.0776,0.1446,0.1394,-0.0,8.3
2019-11-12 14:55:08.500,-44.807864236,-65.72696235,14.6289,2,7,0.1703,0.1482,0.2596,-0.0328,0.1524,0.1164,0.09,2.2
2019-11-12 14:55:09.000,-44.807863115,-65.726958105,14.8071,1,7,0.0927,0.0978,0.3115,0.0937,0.1741,0.1685,-0.0,6.3
2019-11-12 14:55:09.500,-44.807884795,-65.72695425,14.4805,1,7,0.122,0.129,0.412,0.1242,0.2302,0.223,0.09,4.3
2019-11-12 14:55:10.000,-44.807885264,-65.726950095,14.8081,1,7,0.1125,0.1195,0.3805,0.1144,0.2128,0.2056,-0.0,4.9
2019-11-12 14:55:10.500,-44.807869291,-65.726946481,14.8828,1,7,0.1093,0.1162,0.3697,0.1111,0.2068,0.1996,-0.1,3.4
2019-11-12 14:55:11.000,-44.807879001,-65.72694633,14.4652,2,8,0.1692,0.1483,0.2594,-0.0315,0.1528,0.1152,-0.0,1.0
2019-11-12 14:55:11.500,-44.807876723999996,-65.72694710100001,14.5027,2,8,0.1692,0.1483,0.2594,-0.0313,0.1529,0.1152,0.09,18.4
2019-11-12 14:55:12.000,-44.807878478999996,-65.726946213,14.6376,2,8,0.1692,0.1484,0.2595,-0.0311,0.1529,0.1153,-0.0,105.2
2019-11-12 14:55:12.500,-44.807876403,-65.726926837,16.6015,2,8,0.1823,0.1753,0.2925,0.0735,0.1901,0.1507,0.09,2.1
2019-11-12 14:55:13.000,-44.807878457,-65.726922595,16.6194,2,8,0.1822,0.1753,0.2926,0.0734,0.1901,0.1506,-0.0,4.3
2019-11-12 14:55:13.500,-44.807882265,-65.726920917,16.4489,2,8,0.1822,0.1754,0.2928,0.0733,0.1903,0.1506,0.09,1.2
2019-11-12 14:55:14.000,-44.807884519,-65.726918878,16.0401,2,8,0.182,0.1754,0.2925,0.0728,0.1902,0.1501,-0.0,1.8
2019-11-12 14:55:14.500,-44.807883625,-65.726914538,16.4204,2,8,0.1821,0.176,0.293,0.0734,0.1908,0.1504,0.09,4.6
2019-11-12 14:55:15.000,-44.807883916,-65.726912047,16.5406,2,8,0.1821,0.1757,0.2928,0.0734,0.1905,0.1505,-0.0,2.1
2019-11-12 14:55:15.500,-44.807884574,-65.72690688600001,17.0503,2,8,0.1822,0.1766,0.2939,0.0738,0.1917,0.1507,0.09,16.4
2019-11-12 14:55:16.000,-44.80788814,-65.726905817,17.0126,2,8,0.1696,0.1745,0.3489,0.0445,0.2163,0.1577,-0.0,211.8
2019-11-12 14:55:16.500,-44.807891051999995,-65.726904318,16.7462,2,8,0.1694,0.174,0.3482,0.0431,0.2157,0.1571,0.09,2.2
2019-11-12 14:55:17.000,-44.807894184,-65.72690053,16.9849,2,8,0.1695,0.174,0.3481,0.0431,0.2155,0.1571,-0.0,7.7
2019-11-12 14:55:17.500,-44.807881426,-65.726911252,17.0205,2,7,0.1894,0.1511,0.3683,0.0846,0.1993,0.2112,0.09,29.7
2019-11-12 14:55:18.000,-44.80788290899999,-65.72690459100001,17.512,2,7,0.1896,0.1514,0.3697,0.0852,0.2002,0.2118,-0.0,5.8
2019-11-12 14:55:18.500,-44.80789213600001,-65.726914822,13.6253,1,8,0.0202,0.0082,0.0163,-0.008,0.0042,0.0054,-0.1,4.2
2019-11-12 14:55:19.000,-44.80789563,-65.72691064899999,13.5534,1,8,0.0685,0.0988,0.1679,0.0799,0.1284,0.1047,-0.0,5.5
2019-11-12 14:55:19.500,-44.807903812,-65.726906778,13.6302,2,7,0.1461,0.1202,0.2094,-0.0668,0.1097,0.079,0.09,2.8
2019-11-12 14:55:20.000,-44.8079192,-65.72690257800001,12.6817,1,7,0.1262,0.1836,0.3107,0.151,0.2386,0.1967,-0.0,16.7
2019-11-12 14:55:20.500,-44.807910336999996,-65.726899132,13.6434,2,7,0.1462,0.1175,0.2076,-0.0654,0.1057,0.0818,0.09,2.5
2019-11-12 14:55:21.000,-44.80791382,-65.726894016,13.6136,2,7,0.1422,0.1144,0.2082,-0.0576,0.107,0.0808,-0.0,1.4
2019-11-12 14:55:21.500,-44.807913055,-65.726887127,13.7353,1,8,0.077,0.1116,0.1892,0.0906,0.1449,0.1185,-0.1,41.1
2019-11-12 14:55:22.000,-44.807922823999995,-65.726882305,13.7322,2,8,0.0616,0.0894,0.1515,0.0729,0.1161,0.0952,-0.0,4.2
2019-11-12 14:55:22.500,-44.807925428999994,-65.726880853,13.6016,2,8,0.1412,0.1135,0.2067,-0.0566,0.1058,0.08,0.09,1.2
2019-11-12 14:55:23.000,-44.807922908,-65.72687700899999,13.5065,1,8,0.0856,0.122,0.2063,0.1003,0.1583,0.1309,-0.0,10.6
2019-11-12 14:55:23.500,-44.807937538000004,-65.726870337,14.0075,1,8,0.0866,0.1234,0.2086,0.1015,0.1601,0.1324,0.09,9.0
2019-11-12 14:55:24.000,-44.807935097,-65.726860714,14.4173,2,7,0.0132,0.0162,0.0296,0.0062,0.0206,0.0125,-0.0,5.2
2019-11-12 14:55:24.500,-44.807940114,-65.726863526,13.2758,2,7,0.1414,0.1135,0.2069,-0.0564,0.1054,0.081,0.09,2.6
2019-11-12 14:55:25.000,-44.807938801999995,-65.726856896,13.114,1,8,0.1176,0.148,0.0557,-0.1309,0.0823,-0.0694,-0.0,9.7
2019-11-12 14:55:25.500,-44.807948318,-65.726853292,13.1486,2,7,0.143,0.1143,0.2075,-0.059,0.1045,0.083,0.09,1.5
2019-11-12 14:55:26.000,-44.807943902,-65.72684571,13.7545,1,7,0.1191,0.1545,0.0633,-0.1346,0.0919,-0.077,-0.0,3.3
2019-11-12 14:55:26.500,-44.807955676999995,-65.726844826,13.0913,2,7,0.1411,0.1153,0.2084,-0.0565,0.1076,0.081,0.09,1.4
2019-11-12 14:55:27.000,-44.807946921,-65.726827735,14.5077,1,7,0.1283,0.1665,0.0667,-0.1452,0.0988,-0.0832,-0.0,4.6
2019-11-12 14:55:27.500,-44.807950739,-65.726822703,14.4316,1,7,0.1338,0.1737,0.0688,-0.1516,0.1029,-0.087,-0.1,13.3
2019-11-12 14:55:28.000,-44.807971251000005,-65.726831261,13.5322,1,7,0.0984,0.1276,0.0564,-0.1108,0.0771,-0.0632,-0.0,4.4
2019-11-12 14:55:28.500,-44.807963404,-65.726815194,14.6196,2,7,0.0804,0.1045,0.0436,-0.0909,0.0625,-0.0521,0.09,52.2
2019-11-12 14:55:29.000,-44.807981041000005,-65.72681801600001,13.5836,1,7,0.0941,0.1221,0.0551,-0.1059,0.0741,-0.0604,-0.0,14.6
2019-11-12 14:55:29.500,-44.807974714,-65.72680657800001,14.2984,2,7,0.1886,0.2077,0.3542,0.1358,0.2471,0.206,0.09,9.9
2019-11-12 14:55:30.000,-44.807979691999996,-65.72680196600001,13.994,2,7,0.1885,0.2076,0.3542,0.1356,0.247,0.2059,-0.0,55.0
2019-11-12 14:55:30.500,-44.807984562,-65.726801578,13.6343,2,7,0.1884,0.2077,0.3543,0.1355,0.2472,0.2058,0.09,55.2
2019-11-12 14:55:31.000,-44.807987496,-65.726796435,13.6311,2,7,0.1884,0.2077,0.3543,0.1356,0.2471,0.2059,-0.0,770.1
2019-11-12 14:55:31.500,-44.807993376000006,-65.72679247100001,13.4014,2,6,0.1454,0.1576,0.2692,0.0355,0.1726,0.117,0.09,999.9
2019-11-12 14:55:32.000,-44.807997596999996,-65.726787048,13.1736,2,6,0.1453,0.1575,0.2691,0.0353,0.1725,0.1169,-0.0,19.4
2019-11-12 14:55:32.500,-44.808001873,-65.726783708,13.1234,2,7,0.1447,0.1569,0.269,0.0377,0.1722,0.117,0.09,999.9
2019-11-12 14:55:33.000,-44.80800592,-65.726778378,12.9543,2,7,0.1446,0.1568,0.269,0.0374,0.1722,0.1169,-0.0,44.8
2019-11-12 14:55:33.500,-44.808008952,-65.726772447,13.1944,2,7,0.1443,0.1567,0.2689,0.0365,0.172,0.1165,0.09,152.3
2019-11-12 14:55:34.000,-44.808012025,-65.726770938,12.9222,2,8,0.1492,0.1603,0.2687,-0.0028,0.1709,0.1177,-0.0,6.2
2019-11-12 14:55:34.500,-44.807988021999996,-65.72681272199999,12.0156,2,8,0.3251,0.3826,0.2838,-0.3171,0.2482,-0.1163,0.09,37.4
2019-11-12 14:55:35.000,-44.807990337,-65.726815038,11.4415,2,8,0.325,0.3826,0.284,-0.3171,0.2483,-0.1164,-0.0,1.8
2019-11-12 14:55:35.500,-44.808009598000005,-65.726781246,12.2742,2,8,0.2792,0.3148,0.2743,-0.2537,0.2135,-0.0351,0.09,2.9
2019-11-12 14:55:36.000,-44.808015293000004,-65.726774745,12.2647,2,8,0.2791,0.3149,0.2746,-0.2537,0.2139,-0.0358,-0.0,999.9
2019-11-12 14:55:36.500,-44.808020721000005,-65.726773884,12.4931,1,8,0.1639,0.2404,0.4057,0.1975,0.3121,0.2568,0.09,61.1
2019-11-12 14:55:37.000,-44.80801568,-65.726772017,12.461,2,8,0.1096,0.1608,0.2713,0.132,0.2087,0.1717,-0.0,20.2
2019-11-12 14:55:37.500,-44.808023543000004,-65.72677201399999,12.3849,1,8,0.1293,0.1896,0.32,0.1554,0.2461,0.2021,0.09,3.4
2019-11-12 14:55:38.000,-44.808016501000004,-65.726765381,13.467,2,8,0.1098,0.1611,0.2718,0.1323,0.2091,0.172,-0.0,43.6
2019-11-12 14:55:38.500,-44.808041681000006,-65.72672508,13.1858,1,8,0.2927,0.4301,0.7252,0.3543,0.5584,0.4601,-0.1,6.7
2019-11-12 14:55:39.000,-44.808048063,-65.726723293,13.5282,2,8,0.3178,0.3394,0.5319,0.1679,0.3823,0.3332,-0.0,1.1
2019-11-12 14:55:39.500,-44.80804121,-65.72671690199999,15.5339,1,7,0.2964,0.4358,0.7345,0.3588,0.5657,0.466,0.09,7.8
2019-11-12 14:55:40.000,-44.808052608000004,-65.726714425,13.8646,2,7,0.2275,0.2316,0.2418,-0.1753,0.1634,0.0622,-0.0,1.8
2019-11-12 14:55:40.500,-44.808063759,-65.72669623899999,14.2272,2,7,0.2327,0.2423,0.2423,-0.1856,0.1683,0.0487,0.09,1.1
2019-11-12 14:55:41.000,-44.80807343,-65.72667403,13.7921,1,7,0.0959,0.1404,0.2372,0.1143,0.1821,0.149,-0.0,6.4
2019-11-12 14:55:41.500,-44.80806703,-65.726695707,13.9761,2,7,0.2208,0.2077,0.2357,-0.1583,0.1447,0.0846,0.09,1.5
2019-11-12 14:55:42.000,-44.80805783899999,-65.726701685,13.0473,1,7,0.0965,0.1405,0.2363,0.1148,0.1819,0.1494,-0.0,6.2
2019-11-12 14:55:42.500,-44.808066713,-65.726696609,13.9945,2,7,0.2242,0.2095,0.2343,-0.1624,0.1421,0.0861,0.09,1.1
2019-11-12 14:55:43.000,-44.808068682,-65.726696793,13.7575,2,8,0.2215,0.2093,0.234,-0.1606,0.1432,0.0836,-0.0,5.2
2019-11-12 14:55:43.500,-44.808068657,-65.72669782199999,13.7833,2,8,0.2213,0.2094,0.234,-0.1606,0.1432,0.0837,0.09,19.0
2019-11-12 14:55:44.000,-44.808065185,-65.72670284,13.7288,2,7,0.2245,0.2186,0.2369,-0.1676,0.1505,0.0762,-0.0,999.9
2019-11-12 14:55:44.500,-44.808065049,-65.726700842,13.937,2,6,0.2325,0.2258,0.2369,-0.1776,0.1509,0.0754,0.09,271.7
2019-11-12 14:55:45.000,-44.808064624,-65.726699835,14.1898,2,7,0.2325,0.2214,0.2342,-0.1757,0.1443,0.0818,-0.0,1.7
2019-11-12 14:55:45.500,-44.808064914,-65.72670241899999,13.8453,2,6,0.2367,0.2313,0.237,-0.1837,0.1515,0.0743,0.09,1.2
2019-11-12 14:55:46.000,-44.808036521000005,-65.72674568,13.6723,2,6,0.5194,0.5409,0.2374,-0.5097,0.1756,-0.0445,-0.0,0.0
2019-11-12 14:55:46.500,-44.808054563,-65.726719175,13.7175,2,7,0.2916,0.3078,0.2372,-0.262,0.1702,-0.0117,0.09,0.0
2019-11-12 14:55:47.000,-44.808057758000004,-65.726712676,13.7634,2,6,0.293,0.3123,0.2374,-0.2652,0.1724,-0.0268,-0.0,0.0
2019-11-12 14:55:47.500,-44.808059883,-65.726709687,13.7237,2,6,0.2934,0.3129,0.2375,-0.2658,0.1729,-0.03,0.09,0.0
2019-11-12 14:55:48.000,-44.808053862,-65.726715666,13.7248,2,6,0.3092,0.3262,0.2376,-0.2824,0.175,-0.0417,-0.0,0.0
2019-11-12 14:55:48.500,-44.808041813,-65.726719039,12.0197,1,7,0.1971,0.2047,0.0199,-0.2006,0.0218,-0.0195,-0.1,9.3
2019-11-12 14:55:49.000,-44.808052228,-65.726714032,12.9529,2,7,0.1856,0.1929,0.0141,-0.1891,0.0195,-0.0181,-0.0,3.5
2019-11-12 14:55:49.500,-44.808040626,-65.726710831,14.7176,2,7,0.2647,0.242,0.5011,-0.1216,0.2687,0.2469,0.09,1.1
2019-11-12 14:55:50.000,-44.808043521,-65.726712406,14.6327,2,7,0.186,0.1932,0.0141,-0.1895,0.0191,-0.0177,-0.0,4.9
2019-11-12 14:55:50.500,-44.80804039,-65.726713698,14.5295,2,7,0.2643,0.242,0.5012,-0.1216,0.2688,0.2467,0.09,1.1
2019-11-12 14:55:51.000,-44.808047108000004,-65.72672294600001,12.1039,2,8,0.2134,0.2178,0.2729,-0.1676,0.1739,-0.0419,-0.0,45.8
2019-11-12 14:55:51.500,-44.808047618,-65.72672406,12.0509,2,8,0.213,0.2178,0.2716,-0.1678,0.1734,-0.045,0.09,2.2
2019-11-12 14:55:52.000,-44.808049542,-65.726723545,11.7421,2,7,0.2181,0.2233,0.2719,-0.1747,0.1755,-0.053,-0.0,1.6
2019-11-12 14:55:52.500,-44.808049327,-65.726728439,11.2675,2,7,0.3358,0.3915,0.2844,-0.3357,0.2424,-0.1593,0.09,6.5
2019-11-12 14:55:53.000,-44.808047596,-65.726729979,11.3387,2,7,0.3347,0.3912,0.2849,-0.335,0.2433,-0.1601,-0.0,158.4
2019-11-12 14:55:53.500,-44.808066143000005,-65.72670050800001,12.0124,2,7,0.3271,0.3405,0.2436,-0.3086,0.1557,-0.0636,0.09,999.9
2019-11-12 14:55:54.000,-44.808074258000005,-65.726687043,11.7593,2,8,0.3017,0.3129,0.243,-0.2798,0.1486,-0.0453,-0.0,101.8
2019-11-12 14:55:54.500,-44.808069832,-65.726686227,13.9936,1,8,0.3666,0.4837,0.1737,-0.4208,0.2874,-0.2491,0.09,19.0
2019-11-12 14:55:55.000,-44.808075288999994,-65.72668076,12.4897,2,8,0.2261,0.2987,0.1079,-0.2597,0.178,-0.1542,-0.0,7.2
2019-11-12 14:55:55.500,-44.80808837399999,-65.726668213,11.7649,2,8,0.3295,0.3566,0.2329,-0.3217,0.1856,-0.1363,0.09,1.0
2019-11-12 14:55:56.000,-44.808101773999994,-65.726649975,11.7301,2,8,0.2414,0.2419,0.2281,-0.2096,0.1469,-0.0827,-0.0,16.6
2019-11-12 14:55:56.500,-44.808102783,-65.726643975,11.9009,2,8,0.2234,0.2245,0.228,-0.1889,0.1446,-0.0784,0.09,1.0
2019-11-12 14:55:57.000,-44.808106427,-65.726640894,11.898,2,8,0.2231,0.2244,0.2281,-0.1887,0.1445,-0.0783,-0.0,11.9
2019-11-12 14:55:57.500,-44.808109138,-65.726634671,12.0162,2,8,0.2259,0.2303,0.2289,-0.1937,0.1477,-0.0825,0.09,2.0
2019-11-12 14:55:58.000,-44.808113389,-65.72663147600001,11.8597,2,8,0.2257,0.233,0.2306,-0.1948,0.1519,-0.0866,-0.0,5.0
2019-11-12 14:55:58.500,-44.808112922,-65.726630736,11.8276,2,8,0.2694,0.3173,0.2454,-0.2641,0.2029,-0.1414,0.09,76.3
2019-11-12 14:55:59.000,-44.808118908999994,-65.726624252,11.6321,2,8,0.2691,0.3169,0.2453,-0.2638,0.2024,-0.141,-0.0,541.1
2019-11-12 14:55:59.500,-44.808120738999996,-65.726622085,11.5644,2,8,0.2333,0.2618,0.2368,-0.2137,0.1718,-0.1062,0.09,2.9
2019-11-12 14:56:00.000,-44.808117206000006,-65.72663049399999,10.3743,1,8,0.0227,0.0176,0.0163,-0.0182,-0.0087,0.0065,-0.0,4.8
2019-11-12 14:56:00.500,-44.808115483,-65.72663596699999,10.5146,1,8,0.3455,0.1744,0.1374,-0.2452,-0.1541,0.217,-0.1,4.2
2019-11-12 14:56:01.000,-44.808125704,-65.726616801,11.3651,2,8,0.222,0.2471,0.2363,-0.1987,0.1664,-0.0983,-0.0,1.6
2019-11-12 14:56:01.500,-44.808133866999995,-65.726612933,10.6858,2,8,0.1706,0.0865,0.0689,-0.1212,-0.0765,0.1075,0.09,7.7
2019-11-12 14:56:02.000,-44.808134981,-65.726605535,11.5362,1,8,0.2269,0.1152,0.0919,-0.1614,-0.1018,0.143,-0.0,3.1
2019-11-12 14:56:02.500,-44.808138541999995,-65.726602633,11.3586,2,8,0.1856,0.2046,0.2348,-0.15,0.1531,-0.0754,0.09,16.2
2019-11-12 14:56:03.000,-44.808142514,-65.726599095,11.096,2,8,0.1854,0.205,0.2361,-0.1498,0.1542,-0.0751,-0.0,11.5
2019-11-12 14:56:03.500,-44.808145716000006,-65.72660127399999,10.6912,2,8,0.2222,0.2216,0.315,-0.0982,0.2061,0.1457,0.09,31.4
2019-11-12 14:56:04.000,-44.808150455,-65.726597398,10.458,2,7,0.226,0.2259,0.3151,-0.1072,0.2068,0.1447,-0.0,2.5
2019-11-12 14:56:04.500,-44.808151723,-65.726594835,10.4646,2,7,0.2399,0.2399,0.3148,-0.1345,0.2073,0.1432,0.09,219.0
2019-11-12 14:56:05.000,-44.808157034,-65.72658851899999,10.7805,2,8,0.2308,0.2309,0.3147,-0.1178,0.2065,0.1443,-0.0,19.5
2019-11-12 14:56:05.500,-44.808161223999996,-65.726580758,10.9256,2,8,0.2324,0.2391,0.3093,-0.127,0.1962,0.1552,0.09,6.1
2019-11-12 14:56:06.000,-44.80816351,-65.72657704699999,11.2381,2,8,0.2317,0.2391,0.3089,-0.1268,0.1963,0.1544,-0.0,1.7
2019-11-12 14:56:06.500,-44.808167876999995,-65.726575377,12.1772,2,8,0.2318,0.2403,0.8066,-0.13,0.1508,0.2431,0.09,1.2
2019-11-12 14:56:07.000,-44.808172336000005,-65.726576642,11.8878,2,8,0.251,0.2069,0.4294,-0.0314,0.1355,-0.076,-0.0,10.5
2019-11-12 14:56:07.500,-44.808175381000005,-65.726567833,12.5926,2,8,0.25,0.2067,0.4293,-0.0341,0.1358,-0.0748,0.09,2.4
2019-11-12 14:56:08.000,-44.808176796000005,-65.726565917,12.4007,2,8,0.2492,0.2067,0.4295,-0.0355,0.1361,-0.0743,-0.0,23.5
2019-11-12 14:56:08.500,-44.808179492,-65.72656360399999,12.2468,2,7,0.2509,0.2078,0.4298,-0.0511,0.1335,-0.0721,0.09,18.2
2019-11-12 14:56:09.000,-44.808180803,-65.726562481,11.9639,2,7,0.2683,0.2218,0.4312,-0.1022,0.1458,-0.0948,-0.0,999.9
2019-11-12 14:56:09.500,-44.808182617,-65.72655779600001,12.3968,2,8,0.2599,0.2153,0.431,-0.0838,0.1445,-0.0917,0.09,12.8
2019-11-12 14:56:10.000,-44.80818717100001,-65.726557927,12.1237,2,8,0.2578,0.2143,0.4309,-0.0801,0.1437,-0.0898,-0.0,11.6
